Country,Population
China,1417069469
India,1369003307
United States of America,332140038
Indonesia,267066843
Pakistan,219731480
Brazil,210166593
Nigeria,198387624
Bangladesh,163683958
Russian Federation,145652293
Japan,126255866
Mexico,124013862
Ethiopia,111129438
Philippines,108568836
Egypt,103740766
Viet Nam,94914331
D.R. Congo,87087355
Iran,85617562
Germany,82896696
Turkey,82809305
Thailand,71127802
United Kingdom,66432994
France,64277808
Italy,59877426
Tanzania,58090443
South Africa,57339635
Myanmar,52666014
Republic of Korea,51676900
Kenya,49953304
Colombia,49276962
Spain,46792043
Ukraine,44446954
Argentina,44413596
Sudan,41999059
Algeria,41927007
Uganda,41515395
Iraq,40590700
Poland,38521457
Canada,37035254
Afghanistan,36686784
Morocco,35927511
Saudi Arabia,35018133
Uzbekistan,32449576
Malaysia,32399272
Peru,32203944
Angola,31273533
Ghana,30870641
Yemen,30790513
Venezuela,29825653
Mozambique,29423879
Nepal,28506712
Madagascar,26846541
Dem. People's Republic of Korea,25638150
Côte d'Ivoire,25493989
Cameroon,25076747
Australia,24979230
Taiwan,23726186
Niger,22577058
Sri Lanka,21580710
Burkina Faso,20392723
Mali,19934298
Romania,19606783
Syrian Arab Republic,19333463
Chile,18701451
Kazakhstan,18538099
Malawi,18367883
Zambia,17835893
Netherlands,17286043
Ecuador,17015672
Guatemala,16850176
Cambodia,16025239
Chad,15604210
Senegal,15574909
Somalia,15411094
Zimbabwe,15052184
Guinea,12554865
Rwanda,12531808
Benin,11940684
Tunisia,11933042
Bolivia,11606905
Burundi,11493473
Belgium,11448596
Cuba,11328244
Haiti,11012421
Dominican Republic,10765531
Greece,10633271
Czech Republic,10534593
Jordan,10459866
South Sudan,10395330
Portugal,10289835
Sweden,10162298
Azerbaijan,10152522
Honduras,9792850
Hungary,9776358
Belarus,9695574
Papua New Guinea,9329227
United Arab Emirates,9140170
Tajikistan,9128133
Austria,8840513
Switzerland,8514434
Israel,8456483
Togo,8046679
Sierra Leone,7861281
China Hong Kong SAR,7481555
Serbia,7433818
Bulgaria,7117431
Laos,7105006
Nicaragua,6572233
Libya,6477793
Paraguay,6443328
El Salvador,6276343
Kyrgyzstan,6223495
Turkmenistan,6065066
Lebanon,5950839
Singapore,5814537
Denmark,5766686
Finland,5515461
Slovakia,5446746
Congo,5441062
Norway,5312320
Central African Republic,5094780
Costa Rica,5040734
Liberia,4889391
New Zealand,4838526
Ireland,4834507
State of Palestine,4805547
Oman,4601157
Kuwait,4317186
Mauritania,4270712
Panama,4165255
Croatia,4160485
Georgia,3772325
Eritrea,3445375
Uruguay,3427042
Bosnia and Herzegovina,3400129
Puerto Rico,3319269
Mongolia,3163991
Republic of Moldova,3141837
Albania,2877013
Lithuania,2876128
Armenia,2836557
Jamaica,2811835
Qatar,2766732
Botswana,2451409
Gambia,2444916
Namibia,2405681
Lesotho,2198017
Gabon,2192012
TFYR Macedonia,2113491
Slovenia,2105924
Latvia,1935631
Guinea-Bissau,1924955
Trinidad and Tobago,1504709
Equatorial Guinea,1502092
Bahrain,1487340
Estonia,1322148
Mauritius,1295382
Timor-Leste,1261846
Cyprus,1218831
Swaziland,1160428
Djibouti,1057198
Réunion,941187
Fiji,918996
Guyana,785514
Comoros,776314
Bhutan,762097
Solomon Islands,659249
China Macao SAR,650991
Montenegro,631455
Luxembourg,607913
Suriname,593715
Cabo Verde,571202
Western Sahara,532004
Malta,491586
Maldives,489758
Brunei Darussalam,434275
Bahamas,401907
Guadeloupe,396262
Belize,382066
Martinique,374841
Iceland,352946
French Polynesia,297606
Vanuatu,297298
New Caledonia,284880
Mayotte,282955
Barbados,279689
French Guiana,276647
Sao Tome and Principe,211344
Samoa,209701
Curaçao,184722
Saint Lucia,177888
Guam,168678
Kiribati,122262
Grenada,121838
Micronesia (Fed. States of),110929
Aruba,105962
Saint Vincent and the Grenadines,105281
Tonga,105151
Seychelles,103101
United States Virgin Islands,101365
Antigua and Barbuda,91626
Monaco,37029
